<?xml version="1.0" encoding="UTF-8" standalone="yes"?>
<addon id="repository.IDOREPO" name="IDOREPO repo" version="1.0.4" provider-name="מפתח">
	<extension point="xbmc.addon.repository">
        <info compressed="false">https://raw.githubusercontent.com/eidoaflalo/IDOREPO/master/addons.xml</info>
        <checksum>https://raw.githubusercontent.com/eidoaflalo/IDOREPO/master/addons.xml.md5</checksum>
        <datadir zip="true">https://raw.githubusercontent.com/eidoaflalo/IDOREPO/master/</datadir>
	</extension>
	<extension point="xbmc.addon.metadata">
		<summary lang="en"></summary>
		<description lang="en"></description>
		<platform>all</platform>
	</extension>
</addon>